"URL","검토 우선순위","선정 이유","수치 표현 후보 수","원고 경로"
"https://eolmaji.com/en/life/cleaning/drum-washer-cleaning","P0","안전·소재·약제·시간 수치의 제품별 원문 확인 우선","3","src/life/drum-washer-cleaning/content.en.ts"
"https://eolmaji.com/en/life/cleaning/top-loader-cleaning","P0","안전·소재·약제·시간 수치의 제품별 원문 확인 우선","5","src/life/top-loader-cleaning/content.en.ts"
"https://eolmaji.com/en/life/home-care/balcony-mold","P0","안전·소재·약제·시간 수치의 제품별 원문 확인 우선","5","src/life/balcony-mold/content.en.ts"
"https://eolmaji.com/en/life/home-care/bathroom-mold","P0","안전·소재·약제·시간 수치의 제품별 원문 확인 우선","6","src/life/bathroom-mold/content.en.ts"
"https://eolmaji.com/en/life/home-care/condensation","P0","안전·소재·약제·시간 수치의 제품별 원문 확인 우선","4","src/life/condensation/content.en.ts"
"https://eolmaji.com/en/life/home-care/humidity-control","P0","안전·소재·약제·시간 수치의 제품별 원문 확인 우선","2","src/life/humidity-control/content.en.ts"
"https://eolmaji.com/en/life/kitchen/kettle-limescale","P0","안전·소재·약제·시간 수치의 제품별 원문 확인 우선","2","src/life/kettle-limescale/content.en.ts"
"https://eolmaji.com/en/life/laundry/towel-smell","P0","안전·소재·약제·시간 수치의 제품별 원문 확인 우선","10","src/life/towel-smell/content.en.ts"
"https://eolmaji.com/en/life/odor/washing-machine-smell","P0","안전·소재·약제·시간 수치의 제품별 원문 확인 우선","2","src/life/washing-machine-smell/content.en.ts"
"https://eolmaji.com/ja/life/cleaning/humidifier-cleaning","P0","안전·소재·약제·시간 수치의 제품별 원문 확인 우선","2","src/life/humidifier-cleaning/content.ja.ts"
"https://eolmaji.com/ja/life/home-care/condensation","P0","안전·소재·약제·시간 수치의 제품별 원문 확인 우선","5","src/life/condensation/content.ja.ts"
"https://eolmaji.com/ja/life/home-care/humidity-control","P0","안전·소재·약제·시간 수치의 제품별 원문 확인 우선","8","src/life/humidity-control/content.ja.ts"
"https://eolmaji.com/ja/life/home-care/tatami-mold","P0","안전·소재·약제·시간 수치의 제품별 원문 확인 우선","3","src/life/tatami-mold/content.ja.ts"
"https://eolmaji.com/ko/heating-cost","P0","연도별 제도·요율 원문과 적용일 확인 우선","6","src/tools/heating-cost/content.ko.ts"
"https://eolmaji.com/ko/hourly-wage","P0","연도별 제도·요율 원문과 적용일 확인 우선","22","src/tools/hourly-wage/content.ko.ts"
"https://eolmaji.com/ko/life/cleaning/drum-washer-cleaning","P0","안전·소재·약제·시간 수치의 제품별 원문 확인 우선","4","src/life/drum-washer-cleaning/content.ko.ts"
"https://eolmaji.com/ko/life/cleaning/humidifier-cleaning","P0","안전·소재·약제·시간 수치의 제품별 원문 확인 우선","3","src/life/humidifier-cleaning/content.ko.ts"
"https://eolmaji.com/ko/life/cleaning/top-loader-cleaning","P0","안전·소재·약제·시간 수치의 제품별 원문 확인 우선","3","src/life/top-loader-cleaning/content.ko.ts"
"https://eolmaji.com/ko/life/home-care/balcony-mold","P0","안전·소재·약제·시간 수치의 제품별 원문 확인 우선","3","src/life/balcony-mold/content.ko.ts"
"https://eolmaji.com/ko/life/home-care/bathroom-mold","P0","안전·소재·약제·시간 수치의 제품별 원문 확인 우선","8","src/life/bathroom-mold/content.ko.ts"
"https://eolmaji.com/ko/life/home-care/condensation","P0","안전·소재·약제·시간 수치의 제품별 원문 확인 우선","10","src/life/condensation/content.ko.ts"
"https://eolmaji.com/ko/life/home-care/humidity-control","P0","안전·소재·약제·시간 수치의 제품별 원문 확인 우선","10","src/life/humidity-control/content.ko.ts"
"https://eolmaji.com/ko/life/kitchen/kettle-limescale","P0","안전·소재·약제·시간 수치의 제품별 원문 확인 우선","2","src/life/kettle-limescale/content.ko.ts"
"https://eolmaji.com/ko/life/odor/washing-machine-smell","P0","안전·소재·약제·시간 수치의 제품별 원문 확인 우선","2","src/life/washing-machine-smell/content.ko.ts"
"https://eolmaji.com/ko/monthly-salary","P0","연도별 제도·요율 원문과 적용일 확인 우선","10","src/tools/monthly-salary/content.ko.ts"
"https://eolmaji.com/ko/salary-net","P0","연도별 제도·요율 원문과 적용일 확인 우선","11","src/tools/salary-net/content.ko.ts"
"https://eolmaji.com/ko/severance-pay","P0","연도별 제도·요율 원문과 적용일 확인 우선","29","src/tools/severance-pay/content.ko.ts"
"https://eolmaji.com/ko/weekly-holiday-pay","P0","연도별 제도·요율 원문과 적용일 확인 우선","19","src/tools/weekly-holiday-pay/content.ko.ts"
"https://eolmaji.com/en/life/cleaning/bathroom-cleaning","P1","수치·단위가 있는 생활 안내; 실제 근거 필요 여부와 적용 범위 확인","7","src/life/bathroom-cleaning/content.en.ts"
"https://eolmaji.com/en/life/cleaning/fridge-cleaning","P1","수치·단위가 있는 생활 안내; 실제 근거 필요 여부와 적용 범위 확인","4","src/life/fridge-cleaning/content.en.ts"
"https://eolmaji.com/en/life/cleaning/gas-stove-cleaning","P1","수치·단위가 있는 생활 안내; 실제 근거 필요 여부와 적용 범위 확인","4","src/life/gas-stove-cleaning/content.en.ts"
"https://eolmaji.com/en/life/cleaning/microwave-cleaning","P1","수치·단위가 있는 생활 안내; 실제 근거 필요 여부와 적용 범위 확인","5","src/life/microwave-cleaning/content.en.ts"
"https://eolmaji.com/en/life/cleaning/range-hood-cleaning","P1","수치·단위가 있는 생활 안내; 실제 근거 필요 여부와 적용 범위 확인","3","src/life/range-hood-cleaning/content.en.ts"
"https://eolmaji.com/en/life/cleaning/sink-cleaning","P1","수치·단위가 있는 생활 안내; 실제 근거 필요 여부와 적용 범위 확인","4","src/life/sink-cleaning/content.en.ts"
"https://eolmaji.com/en/life/cleaning/window-frame-cleaning","P1","수치·단위가 있는 생활 안내; 실제 근거 필요 여부와 적용 범위 확인","2","src/life/window-frame-cleaning/content.en.ts"
"https://eolmaji.com/en/life/home-care/window-frame-mold","P1","수치·단위가 있는 생활 안내; 실제 근거 필요 여부와 적용 범위 확인","5","src/life/window-frame-mold/content.en.ts"
"https://eolmaji.com/en/life/kitchen/burnt-pot","P1","수치·단위가 있는 생활 안내; 실제 근거 필요 여부와 적용 범위 확인","4","src/life/burnt-pot/content.en.ts"
"https://eolmaji.com/en/life/kitchen/cutting-board-smell","P1","수치·단위가 있는 생활 안내; 실제 근거 필요 여부와 적용 범위 확인","4","src/life/cutting-board-smell/content.en.ts"
"https://eolmaji.com/en/life/kitchen/pan-grease","P1","수치·단위가 있는 생활 안내; 실제 근거 필요 여부와 적용 범위 확인","3","src/life/pan-grease/content.en.ts"
"https://eolmaji.com/en/life/kitchen/sponge-care","P1","수치·단위가 있는 생활 안내; 실제 근거 필요 여부와 적용 범위 확인","1","src/life/sponge-care/content.en.ts"
"https://eolmaji.com/en/life/kitchen/stainless-stain","P1","수치·단위가 있는 생활 안내; 실제 근거 필요 여부와 적용 범위 확인","3","src/life/stainless-stain/content.en.ts"
"https://eolmaji.com/en/life/laundry/bedding-washing","P1","수치·단위가 있는 생활 안내; 실제 근거 필요 여부와 적용 범위 확인","5","src/life/bedding-washing/content.en.ts"
"https://eolmaji.com/en/life/laundry/jeans-washing","P1","수치·단위가 있는 생활 안내; 실제 근거 필요 여부와 적용 범위 확인","3","src/life/jeans-washing/content.en.ts"
"https://eolmaji.com/en/life/laundry/knit-washing","P1","수치·단위가 있는 생활 안내; 실제 근거 필요 여부와 적용 범위 확인","4","src/life/knit-washing/content.en.ts"
"https://eolmaji.com/en/life/laundry/laundry-smell","P1","수치·단위가 있는 생활 안내; 실제 근거 필요 여부와 적용 범위 확인","3","src/life/laundry-smell/content.en.ts"
"https://eolmaji.com/en/life/laundry/padding-washing","P1","수치·단위가 있는 생활 안내; 실제 근거 필요 여부와 적용 범위 확인","5","src/life/padding-washing/content.en.ts"
"https://eolmaji.com/en/life/laundry/sneaker-washing","P1","수치·단위가 있는 생활 안내; 실제 근거 필요 여부와 적용 범위 확인","2","src/life/sneaker-washing/content.en.ts"
"https://eolmaji.com/en/life/laundry/white-clothes-care","P1","수치·단위가 있는 생활 안내; 실제 근거 필요 여부와 적용 범위 확인","5","src/life/white-clothes-care/content.en.ts"
"https://eolmaji.com/en/life/odor/drain-smell","P1","수치·단위가 있는 생활 안내; 실제 근거 필요 여부와 적용 범위 확인","2","src/life/drain-smell/content.en.ts"
"https://eolmaji.com/en/life/odor/fridge-smell","P1","수치·단위가 있는 생활 안내; 실제 근거 필요 여부와 적용 범위 확인","1","src/life/fridge-smell/content.en.ts"
"https://eolmaji.com/en/life/odor/room-food-smell","P1","수치·단위가 있는 생활 안내; 실제 근거 필요 여부와 적용 범위 확인","3","src/life/room-food-smell/content.en.ts"
"https://eolmaji.com/en/life/odor/shoe-smell","P1","수치·단위가 있는 생활 안내; 실제 근거 필요 여부와 적용 범위 확인","2","src/life/shoe-smell/content.en.ts"
"https://eolmaji.com/en/life/stains/ballpen-stain","P1","수치·단위가 있는 생활 안내; 실제 근거 필요 여부와 적용 범위 확인","1","src/life/ballpen-stain/content.en.ts"
"https://eolmaji.com/en/life/stains/chocolate-stain","P1","수치·단위가 있는 생활 안내; 실제 근거 필요 여부와 적용 범위 확인","9","src/life/chocolate-stain/content.en.ts"
"https://eolmaji.com/en/life/stains/coffee-stain","P1","수치·단위가 있는 생활 안내; 실제 근거 필요 여부와 적용 범위 확인","3","src/life/coffee-stain/content.en.ts"
"https://eolmaji.com/en/life/stains/food-stain-basics","P1","수치·단위가 있는 생활 안내; 실제 근거 필요 여부와 적용 범위 확인","2","src/life/food-stain-basics/content.en.ts"
"https://eolmaji.com/en/life/stains/makeup-stain","P1","수치·단위가 있는 생활 안내; 실제 근거 필요 여부와 적용 범위 확인","5","src/life/makeup-stain/content.en.ts"
"https://eolmaji.com/en/life/stains/oil-stain-clothes","P1","수치·단위가 있는 생활 안내; 실제 근거 필요 여부와 적용 범위 확인","5","src/life/oil-stain-clothes/content.en.ts"
"https://eolmaji.com/en/life/stains/sweat-stain","P1","수치·단위가 있는 생활 안내; 실제 근거 필요 여부와 적용 범위 확인","7","src/life/sweat-stain/content.en.ts"
"https://eolmaji.com/en/life/stains/white-clothes-yellowing","P1","수치·단위가 있는 생활 안내; 실제 근거 필요 여부와 적용 범위 확인","7","src/life/white-clothes-yellowing/content.en.ts"
"https://eolmaji.com/en/life/stains/wine-stain","P1","수치·단위가 있는 생활 안내; 실제 근거 필요 여부와 적용 범위 확인","4","src/life/wine-stain/content.en.ts"
"https://eolmaji.com/en/life/storage/bedding-storage","P1","수치·단위가 있는 생활 안내; 실제 근거 필요 여부와 적용 범위 확인","2","src/life/bedding-storage/content.en.ts"
"https://eolmaji.com/ja/life/cleaning/microwave-cleaning","P1","수치·단위가 있는 생활 안내; 실제 근거 필요 여부와 적용 범위 확인","3","src/life/microwave-cleaning/content.ja.ts"
"https://eolmaji.com/ja/life/cleaning/sink-cleaning","P1","수치·단위가 있는 생활 안내; 실제 근거 필요 여부와 적용 범위 확인","2","src/life/sink-cleaning/content.ja.ts"
"https://eolmaji.com/ja/life/cleaning/window-frame-cleaning","P1","수치·단위가 있는 생활 안내; 실제 근거 필요 여부와 적용 범위 확인","2","src/life/window-frame-cleaning/content.ja.ts"
"https://eolmaji.com/ja/life/home-care/window-frame-mold","P1","수치·단위가 있는 생활 안내; 실제 근거 필요 여부와 적용 범위 확인","1","src/life/window-frame-mold/content.ja.ts"
"https://eolmaji.com/ja/life/kitchen/burnt-pot","P1","수치·단위가 있는 생활 안내; 실제 근거 필요 여부와 적용 범위 확인","1","src/life/burnt-pot/content.ja.ts"
"https://eolmaji.com/ja/life/kitchen/stainless-stain","P1","수치·단위가 있는 생활 안내; 실제 근거 필요 여부와 적용 범위 확인","2","src/life/stainless-stain/content.ja.ts"
"https://eolmaji.com/ja/life/laundry/indoor-drying","P1","수치·단위가 있는 생활 안내; 실제 근거 필요 여부와 적용 범위 확인","1","src/life/indoor-drying/content.ja.ts"
"https://eolmaji.com/ja/life/laundry/knit-washing","P1","수치·단위가 있는 생활 안내; 실제 근거 필요 여부와 적용 범위 확인","1","src/life/knit-washing/content.ja.ts"
"https://eolmaji.com/ja/life/laundry/lint-removal","P1","수치·단위가 있는 생활 안내; 실제 근거 필요 여부와 적용 범위 확인","1","src/life/lint-removal/content.ja.ts"
"https://eolmaji.com/ja/life/laundry/white-clothes-care","P1","수치·단위가 있는 생활 안내; 실제 근거 필요 여부와 적용 범위 확인","1","src/life/white-clothes-care/content.ja.ts"
"https://eolmaji.com/ko/life/cleaning/airfryer-cleaning","P1","수치·단위가 있는 생활 안내; 실제 근거 필요 여부와 적용 범위 확인","7","src/life/airfryer-cleaning/content.ko.ts"
"https://eolmaji.com/ko/life/cleaning/bathroom-cleaning","P1","수치·단위가 있는 생활 안내; 실제 근거 필요 여부와 적용 범위 확인","7","src/life/bathroom-cleaning/content.ko.ts"
"https://eolmaji.com/ko/life/cleaning/fridge-cleaning","P1","수치·단위가 있는 생활 안내; 실제 근거 필요 여부와 적용 범위 확인","4","src/life/fridge-cleaning/content.ko.ts"
"https://eolmaji.com/ko/life/cleaning/gas-stove-cleaning","P1","수치·단위가 있는 생활 안내; 실제 근거 필요 여부와 적용 범위 확인","8","src/life/gas-stove-cleaning/content.ko.ts"
"https://eolmaji.com/ko/life/cleaning/microwave-cleaning","P1","수치·단위가 있는 생활 안내; 실제 근거 필요 여부와 적용 범위 확인","11","src/life/microwave-cleaning/content.ko.ts"
"https://eolmaji.com/ko/life/cleaning/range-hood-cleaning","P1","수치·단위가 있는 생활 안내; 실제 근거 필요 여부와 적용 범위 확인","5","src/life/range-hood-cleaning/content.ko.ts"
"https://eolmaji.com/ko/life/cleaning/sink-cleaning","P1","수치·단위가 있는 생활 안내; 실제 근거 필요 여부와 적용 범위 확인","4","src/life/sink-cleaning/content.ko.ts"
"https://eolmaji.com/ko/life/cleaning/window-frame-cleaning","P1","수치·단위가 있는 생활 안내; 실제 근거 필요 여부와 적용 범위 확인","5","src/life/window-frame-cleaning/content.ko.ts"
"https://eolmaji.com/ko/life/home-care/window-frame-mold","P1","수치·단위가 있는 생활 안내; 실제 근거 필요 여부와 적용 범위 확인","7","src/life/window-frame-mold/content.ko.ts"
"https://eolmaji.com/ko/life/kitchen/burnt-pot","P1","수치·단위가 있는 생활 안내; 실제 근거 필요 여부와 적용 범위 확인","10","src/life/burnt-pot/content.ko.ts"
"https://eolmaji.com/ko/life/kitchen/cutting-board-smell","P1","수치·단위가 있는 생활 안내; 실제 근거 필요 여부와 적용 범위 확인","2","src/life/cutting-board-smell/content.ko.ts"
"https://eolmaji.com/ko/life/kitchen/pan-grease","P1","수치·단위가 있는 생활 안내; 실제 근거 필요 여부와 적용 범위 확인","6","src/life/pan-grease/content.ko.ts"
"https://eolmaji.com/ko/life/kitchen/sponge-care","P1","수치·단위가 있는 생활 안내; 실제 근거 필요 여부와 적용 범위 확인","4","src/life/sponge-care/content.ko.ts"
"https://eolmaji.com/ko/life/kitchen/stainless-stain","P1","수치·단위가 있는 생활 안내; 실제 근거 필요 여부와 적용 범위 확인","6","src/life/stainless-stain/content.ko.ts"
"https://eolmaji.com/ko/life/laundry/bedding-washing","P1","수치·단위가 있는 생활 안내; 실제 근거 필요 여부와 적용 범위 확인","1","src/life/bedding-washing/content.ko.ts"
"https://eolmaji.com/ko/life/laundry/black-clothes-fading","P1","수치·단위가 있는 생활 안내; 실제 근거 필요 여부와 적용 범위 확인","2","src/life/black-clothes-fading/content.ko.ts"
"https://eolmaji.com/ko/life/laundry/indoor-drying","P1","수치·단위가 있는 생활 안내; 실제 근거 필요 여부와 적용 범위 확인","6","src/life/indoor-drying/content.ko.ts"
"https://eolmaji.com/ko/life/laundry/jeans-washing","P1","수치·단위가 있는 생활 안내; 실제 근거 필요 여부와 적용 범위 확인","2","src/life/jeans-washing/content.ko.ts"
"https://eolmaji.com/ko/life/laundry/knit-washing","P1","수치·단위가 있는 생활 안내; 실제 근거 필요 여부와 적용 범위 확인","2","src/life/knit-washing/content.ko.ts"
"https://eolmaji.com/ko/life/laundry/laundry-smell","P1","수치·단위가 있는 생활 안내; 실제 근거 필요 여부와 적용 범위 확인","6","src/life/laundry-smell/content.ko.ts"
"https://eolmaji.com/ko/life/laundry/padding-washing","P1","수치·단위가 있는 생활 안내; 실제 근거 필요 여부와 적용 범위 확인","3","src/life/padding-washing/content.ko.ts"
"https://eolmaji.com/ko/life/laundry/sneaker-washing","P1","수치·단위가 있는 생활 안내; 실제 근거 필요 여부와 적용 범위 확인","4","src/life/sneaker-washing/content.ko.ts"
"https://eolmaji.com/ko/life/laundry/white-clothes-care","P1","수치·단위가 있는 생활 안내; 실제 근거 필요 여부와 적용 범위 확인","5","src/life/white-clothes-care/content.ko.ts"
"https://eolmaji.com/ko/life/odor/drain-smell","P1","수치·단위가 있는 생활 안내; 실제 근거 필요 여부와 적용 범위 확인","1","src/life/drain-smell/content.ko.ts"
"https://eolmaji.com/ko/life/odor/room-food-smell","P1","수치·단위가 있는 생활 안내; 실제 근거 필요 여부와 적용 범위 확인","8","src/life/room-food-smell/content.ko.ts"
"https://eolmaji.com/ko/life/stains/ballpen-stain","P1","수치·단위가 있는 생활 안내; 실제 근거 필요 여부와 적용 범위 확인","1","src/life/ballpen-stain/content.ko.ts"
"https://eolmaji.com/ko/life/stains/chocolate-stain","P1","수치·단위가 있는 생활 안내; 실제 근거 필요 여부와 적용 범위 확인","8","src/life/chocolate-stain/content.ko.ts"
"https://eolmaji.com/ko/life/stains/coffee-stain","P1","수치·단위가 있는 생활 안내; 실제 근거 필요 여부와 적용 범위 확인","4","src/life/coffee-stain/content.ko.ts"
"https://eolmaji.com/ko/life/stains/food-stain-basics","P1","수치·단위가 있는 생활 안내; 실제 근거 필요 여부와 적용 범위 확인","5","src/life/food-stain-basics/content.ko.ts"
"https://eolmaji.com/ko/life/stains/gochujang-stain","P1","수치·단위가 있는 생활 안내; 실제 근거 필요 여부와 적용 범위 확인","5","src/life/gochujang-stain/content.ko.ts"
"https://eolmaji.com/ko/life/stains/kimchi-stain","P1","수치·단위가 있는 생활 안내; 실제 근거 필요 여부와 적용 범위 확인","4","src/life/kimchi-stain/content.ko.ts"
"https://eolmaji.com/ko/life/stains/makeup-stain","P1","수치·단위가 있는 생활 안내; 실제 근거 필요 여부와 적용 범위 확인","3","src/life/makeup-stain/content.ko.ts"
"https://eolmaji.com/ko/life/stains/oil-stain-clothes","P1","수치·단위가 있는 생활 안내; 실제 근거 필요 여부와 적용 범위 확인","6","src/life/oil-stain-clothes/content.ko.ts"
"https://eolmaji.com/ko/life/stains/sweat-stain","P1","수치·단위가 있는 생활 안내; 실제 근거 필요 여부와 적용 범위 확인","7","src/life/sweat-stain/content.ko.ts"
"https://eolmaji.com/ko/life/stains/white-clothes-yellowing","P1","수치·단위가 있는 생활 안내; 실제 근거 필요 여부와 적용 범위 확인","8","src/life/white-clothes-yellowing/content.ko.ts"
"https://eolmaji.com/ko/life/storage/bedding-storage","P1","수치·단위가 있는 생활 안내; 실제 근거 필요 여부와 적용 범위 확인","1","src/life/bedding-storage/content.ko.ts"
"https://eolmaji.com/en/area-converter","P2","계산 예시·관행값의 근거 필요 여부 점검; 순수 수식이면 외부 출처 강제하지 않음","2","src/tools/area-converter/content.en.ts"
"https://eolmaji.com/en/bogo-1plus1","P2","계산 예시·관행값의 근거 필요 여부 점검; 순수 수식이면 외부 출처 강제하지 않음","13","src/tools/bogo-1plus1/content.en.ts"
"https://eolmaji.com/en/break-even","P2","계산 예시·관행값의 근거 필요 여부 점검; 순수 수식이면 외부 출처 강제하지 않음","1","src/tools/break-even/content.en.ts"
"https://eolmaji.com/en/compare-price","P2","계산 예시·관행값의 근거 필요 여부 점검; 순수 수식이면 외부 출처 강제하지 않음","5","src/tools/compare-price/content.en.ts"
"https://eolmaji.com/en/discount-price","P2","계산 예시·관행값의 근거 필요 여부 점검; 순수 수식이면 외부 출처 강제하지 않음","6","src/tools/discount-price/content.en.ts"
"https://eolmaji.com/en/margin","P2","계산 예시·관행값의 근거 필요 여부 점검; 순수 수식이면 외부 출처 강제하지 않음","3","src/tools/margin/content.en.ts"
"https://eolmaji.com/en/target-price","P2","계산 예시·관행값의 근거 필요 여부 점검; 순수 수식이면 외부 출처 강제하지 않음","12","src/tools/target-price/content.en.ts"
"https://eolmaji.com/en/unit-price-100g","P2","계산 예시·관행값의 근거 필요 여부 점검; 순수 수식이면 외부 출처 강제하지 않음","7","src/tools/unit-price-100g/content.en.ts"
"https://eolmaji.com/en/unit-price-each","P2","계산 예시·관행값의 근거 필요 여부 점검; 순수 수식이면 외부 출처 강제하지 않음","2","src/tools/unit-price-each/content.en.ts"
"https://eolmaji.com/en/unit-price-ml","P2","계산 예시·관행값의 근거 필요 여부 점검; 순수 수식이면 외부 출처 강제하지 않음","23","src/tools/unit-price-ml/content.en.ts"
"https://eolmaji.com/ja/area-converter","P2","계산 예시·관행값의 근거 필요 여부 점검; 순수 수식이면 외부 출처 강제하지 않음","1","src/tools/area-converter/content.ja.ts"
"https://eolmaji.com/ja/bogo-1plus1","P2","계산 예시·관행값의 근거 필요 여부 점검; 순수 수식이면 외부 출처 강제하지 않음","13","src/tools/bogo-1plus1/content.ja.ts"
"https://eolmaji.com/ja/compare-price","P2","계산 예시·관행값의 근거 필요 여부 점검; 순수 수식이면 외부 출처 강제하지 않음","5","src/tools/compare-price/content.ja.ts"
"https://eolmaji.com/ja/discount-price","P2","계산 예시·관행값의 근거 필요 여부 점검; 순수 수식이면 외부 출처 강제하지 않음","7","src/tools/discount-price/content.ja.ts"
"https://eolmaji.com/ja/margin","P2","계산 예시·관행값의 근거 필요 여부 점검; 순수 수식이면 외부 출처 강제하지 않음","3","src/tools/margin/content.ja.ts"
"https://eolmaji.com/ja/target-price","P2","계산 예시·관행값의 근거 필요 여부 점검; 순수 수식이면 외부 출처 강제하지 않음","10","src/tools/target-price/content.ja.ts"
"https://eolmaji.com/ja/unit-price-100g","P2","계산 예시·관행값의 근거 필요 여부 점검; 순수 수식이면 외부 출처 강제하지 않음","2","src/tools/unit-price-100g/content.ja.ts"
"https://eolmaji.com/ja/unit-price-each","P2","계산 예시·관행값의 근거 필요 여부 점검; 순수 수식이면 외부 출처 강제하지 않음","3","src/tools/unit-price-each/content.ja.ts"
"https://eolmaji.com/ja/unit-price-ml","P2","계산 예시·관행값의 근거 필요 여부 점검; 순수 수식이면 외부 출처 강제하지 않음","24","src/tools/unit-price-ml/content.ja.ts"
"https://eolmaji.com/ko/area-converter","P2","계산 예시·관행값의 근거 필요 여부 점검; 순수 수식이면 외부 출처 강제하지 않음","4","src/tools/area-converter/content.ko.ts"
"https://eolmaji.com/ko/bogo-1plus1","P2","계산 예시·관행값의 근거 필요 여부 점검; 순수 수식이면 외부 출처 강제하지 않음","16","src/tools/bogo-1plus1/content.ko.ts"
"https://eolmaji.com/ko/bogo-2plus1","P2","계산 예시·관행값의 근거 필요 여부 점검; 순수 수식이면 외부 출처 강제하지 않음","16","src/tools/bogo-2plus1/content.ko.ts"
"https://eolmaji.com/ko/break-even","P2","계산 예시·관행값의 근거 필요 여부 점검; 순수 수식이면 외부 출처 강제하지 않음","7","src/tools/break-even/content.ko.ts"
"https://eolmaji.com/ko/bulk-vs-small","P2","계산 예시·관행값의 근거 필요 여부 점검; 순수 수식이면 외부 출처 강제하지 않음","13","src/tools/bulk-vs-small/content.ko.ts"
"https://eolmaji.com/ko/bundle-price","P2","계산 예시·관행값의 근거 필요 여부 점검; 순수 수식이면 외부 출처 강제하지 않음","11","src/tools/bundle-price/content.ko.ts"
"https://eolmaji.com/ko/camping-food","P2","계산 예시·관행값의 근거 필요 여부 점검; 순수 수식이면 외부 출처 강제하지 않음","5","src/tools/camping-food/content.ko.ts"
"https://eolmaji.com/ko/card-coupon-price","P2","계산 예시·관행값의 근거 필요 여부 점검; 순수 수식이면 외부 출처 강제하지 않음","8","src/tools/card-coupon-price/content.ko.ts"
"https://eolmaji.com/ko/compare-price","P2","계산 예시·관행값의 근거 필요 여부 점검; 순수 수식이면 외부 출처 강제하지 않음","8","src/tools/compare-price/content.ko.ts"
"https://eolmaji.com/ko/cost-ratio","P2","계산 예시·관행값의 근거 필요 여부 점검; 순수 수식이면 외부 출처 강제하지 않음","14","src/tools/cost-ratio/content.ko.ts"
"https://eolmaji.com/ko/discount-price","P2","계산 예시·관행값의 근거 필요 여부 점검; 순수 수식이면 외부 출처 강제하지 않음","11","src/tools/discount-price/content.ko.ts"
"https://eolmaji.com/ko/grocery-budget","P2","계산 예시·관행값의 근거 필요 여부 점검; 순수 수식이면 외부 출처 강제하지 않음","11","src/tools/grocery-budget/content.ko.ts"
"https://eolmaji.com/ko/holiday-food","P2","계산 예시·관행값의 근거 필요 여부 점검; 순수 수식이면 외부 출처 강제하지 않음","3","src/tools/holiday-food/content.ko.ts"
"https://eolmaji.com/ko/kimjang-cabbage","P2","계산 예시·관행값의 근거 필요 여부 점검; 순수 수식이면 외부 출처 강제하지 않음","12","src/tools/kimjang-cabbage/content.ko.ts"
"https://eolmaji.com/ko/kimjang-sauce","P2","계산 예시·관행값의 근거 필요 여부 점검; 순수 수식이면 외부 출처 강제하지 않음","2","src/tools/kimjang-sauce/content.ko.ts"
"https://eolmaji.com/ko/living-cost","P2","계산 예시·관행값의 근거 필요 여부 점검; 순수 수식이면 외부 출처 강제하지 않음","8","src/tools/living-cost/content.ko.ts"
"https://eolmaji.com/ko/margin","P2","계산 예시·관행값의 근거 필요 여부 점검; 순수 수식이면 외부 출처 강제하지 않음","9","src/tools/margin/content.ko.ts"
"https://eolmaji.com/ko/meat-per-person","P2","계산 예시·관행값의 근거 필요 여부 점검; 순수 수식이면 외부 출처 강제하지 않음","4","src/tools/meat-per-person/content.ko.ts"
"https://eolmaji.com/ko/moving-cost","P2","계산 예시·관행값의 근거 필요 여부 점검; 순수 수식이면 외부 출처 강제하지 않음","9","src/tools/moving-cost/content.ko.ts"
"https://eolmaji.com/ko/rice-per-person","P2","계산 예시·관행값의 근거 필요 여부 점검; 순수 수식이면 외부 출처 강제하지 않음","7","src/tools/rice-per-person/content.ko.ts"
"https://eolmaji.com/ko/roas","P2","계산 예시·관행값의 근거 필요 여부 점검; 순수 수식이면 외부 출처 강제하지 않음","10","src/tools/roas/content.ko.ts"
"https://eolmaji.com/ko/target-price","P2","계산 예시·관행값의 근거 필요 여부 점검; 순수 수식이면 외부 출처 강제하지 않음","15","src/tools/target-price/content.ko.ts"
"https://eolmaji.com/ko/unit-price-100g","P2","계산 예시·관행값의 근거 필요 여부 점검; 순수 수식이면 외부 출처 강제하지 않음","8","src/tools/unit-price-100g/content.ko.ts"
"https://eolmaji.com/ko/unit-price-each","P2","계산 예시·관행값의 근거 필요 여부 점검; 순수 수식이면 외부 출처 강제하지 않음","7","src/tools/unit-price-each/content.ko.ts"
"https://eolmaji.com/ko/unit-price-ml","P2","계산 예시·관행값의 근거 필요 여부 점검; 순수 수식이면 외부 출처 강제하지 않음","25","src/tools/unit-price-ml/content.ko.ts"
"https://eolmaji.com/ko/wallpaper","P2","계산 예시·관행값의 근거 필요 여부 점검; 순수 수식이면 외부 출처 강제하지 않음","7","src/tools/wallpaper/content.ko.ts"
