"URL","현재 문제","개선 내용","필요한 출처","내부링크 개선","콘텐츠 구조 개선","우선순위","이번 적용 상태"
"https://eolmaji.com/ko/electricity-cost","2026 요금·기금·계절 구간의 개별 근거와 적용 범위가 한 링크에 뭉침","요금 항목별 기준일·공식 원문을 분리하고 예시 검산","한국전력 주택용 요금표·산업부 전력산업기반기금 원문","전기요금 가이드와 에어컨 사용량 계산기 양방향","청구서 항목→입력→구간별 계산→실제 고지서 차이","P0","대기"
"https://eolmaji.com/ko/aircon-electricity","전기요금 출처는 있으나 기기별 소비전력 프리셋 근거 부족","프리셋은 예시임을 선명히 표시하고 제품 라벨 입력을 우선","한국전력 요금표·해당 제조사 제품 사양서","전기요금 계산기·에어컨 관리 글은 로케일 일치 시에만","제품 라벨 확인→시간·전력 입력→요금 범위","P0","본문 수정"
"https://eolmaji.com/ko/salary-net","2026 요율·공제액은 변동 가능하지만 원문 링크가 부족","보험·세금 항목별 출처와 적용일·근사치 경계를 표시","국민연금공단·건강보험공단·근로복지공단·국세청 공식 자료","실수령액 가이드·월급 계산기","세전 금액→공제 항목→차이 나는 이유","P0","대기"
"https://eolmaji.com/ko/hourly-wage","최저임금과 주휴 적용 조건의 원문 근거 부족","연도·근로시간 조건별 법정 기준을 직접 연결","고용노동부 최저임금 고시·근로기준법 원문","주휴수당 계산기와 조건 설명 가이드","시급 입력→법정 조건→월 환산 예시","P0","대기"
"https://eolmaji.com/ko/weekly-holiday-pay","주휴수당 조건과 계산 예외에 대한 확인 가능한 근거 부족","적용 조건·예외의 원문과 기준일을 붙여 재검토","국가법령정보센터 근로기준법·고용노동부 안내","시급 계산기·주휴수당 가이드","자격 판단→시간 계산→예외","P0","대기"
"https://eolmaji.com/ko/unit-price-100g","GSC 9/9 이전 클릭 0 사례; 계산 외 구매 판단 근거가 약할 수 있음","포장량·실사용량·가격표 예시를 직접 계산해 비교","실제 상품 표시·가격표 표본; 별도 공인 요율 불필요","단가 비교 가이드·다른 단위 계산기","빠른 비교→손계산→예외","P1","대기"
"https://eolmaji.com/en/unit-price-100g","GSC 9/9 이전 11.4위·클릭 0 기록; 100g 단위가 시장마다 익숙하지 않음","100g/oz 단위 문맥을 구분하고 현지 가격 표시 예시 검토","실제 현지 상품 가격·중량 표시 표본","en 단가 가이드·en compare-price","단위 선택→동일 단위 환산→구매 판단","P1","대기"
"https://eolmaji.com/ko/wallpaper","롤 규격·재단 손실의 제조사별 차이와 출처 부족","기본 롤 규격을 예시로 낮추고 구매 전 실측 항목 제시","국내 벽지 제조사 제품 규격·시공 안내","벽 곰팡이 글에서는 원인 해결 후 교체 결정 시에만 연결","면적 실측→제품 규격→여유분","P1","대기"
"https://eolmaji.com/ko/guide/electricity-bill-basics","가이드 타입에 출처 필드가 없어 요금 구조 원문을 보여주기 어려움","가이드 출처 관리 구조를 설계한 뒤 항목별 근거 첨부","한국전력 요금표·산업부 제도 안내","전기요금 계산기와 상호 연결 유지","고지서 항목→요율 기준→계산 예시","P1","대기"
"https://eolmaji.com/ko/life/laundry/towel-smell","60℃·6시간·과탄산소다 농도를 단정하지만 원문 링크 없음","섬유 라벨 우선과 조건별 온도·농도 문장을 검증","세탁기 제조사·세제 제조사 사용 설명서·섬유 관리 라벨","세탁기 청소 글은 냄새 원인 분기에서만","수건 소재→세탁→건조→재발 진단","P0","본문 수정"
"https://eolmaji.com/en/life/cleaning/airfryer-cleaning","가열 세척 팁이 기종 허용 범위를 넘을 가능성","검증 안 된 액체 가열 팁을 제거하고 모델별 설명서 우선; 일부 적용","Philips 공식 모델별 세척 안내 및 실제 기기 설명서","청소와 전기료 계산기 연결 제거; 기름때 관련 글로 이동","전원 안전→분리 부품→코팅→열선→모델 예외","P0","본문 수정"
"https://eolmaji.com/ja/life/cleaning/aircon-cleaning","내부 건조 시간을 모든 기종에 동일하게 제시","파나소닉 공식 안내에 맞춰 기종별 시간·전문가 영역 수정; 일부 적용","Panasonic 에어컨 관리 FAQ 및 실제 모델 설명서","일본어 전기료 계산기 부재로 억지 도구 연결 제거","필터→내부クリーン→전문 청소 판단","P0","본문 수정"
"https://eolmaji.com/ja/life/kitchen/kettle-limescale","구연산 15g/L·식초 50ml가 제품별 공식 사용량과 다를 수 있음","고정 농도를 제품별 지침 우선으로 재검토하고 모델 예시 분리","象印 공식 CK-DB 청소 안내·대상 모델 설명서","관련 주방 청소 글만 선별","재질·모델 확인→세척제·양→헹굼","P0","본문 수정"
"https://eolmaji.com/ko/life/home-care/condensation","환기 시간·습도·난방 효과의 수치 근거 부족","원인 진단표와 출처를 분리해 검토","공공 건축·주거 기관의 결로 안내·난방기 제조사 지침","원인 해결 중 난방비 계산기로 자연스럽게 연결 유지","결로 위치→습기·단열 원인→대응","P0","대기"
"https://eolmaji.com/ko/life/home-care/balcony-mold","곰팡이 범위와 벽지 교체 판단의 전문 근거 부족","누수/단열 원인 점검을 먼저 두고 자가 처리 범위 명확화","공공 주거·건축 기관 지침·벽지 제조사 안내","원인 해결 뒤 도배 결정 시 벽지 필요량 계산기로 연결","표면 여부→원인 점검→자가/전문가 경계","P1","대기"
"https://eolmaji.com/en/life/cleaning/humidifier-cleaning","GSC 9/9 이전 8.1위 사례; 구연산 비율·소재 손상 근거 부족","가습 방식·모델별 허용 약품과 농도 분리","해당 가습기 제조사 청소 설명서","전기료보다 물통·필터 관리 관련 글","전원→방식→물통·필터→금지 약품","P0","본문 수정"
"https://eolmaji.com/ja/life/home-care/tatami-mold","알코올·습도·건조 시간의 공식 근거와 다다미 소재 차이 부족","다다미 제조·관리 지침을 확인하고 자가 처리 범위 제시","일본 다다미 제조사·관리 단체의 공식 안내","결로·습도 관리 글과 연결","소재 확인→곰팡이 범위→건조→상담","P1","대기"
"https://eolmaji.com/ko/life/storage","글 2편만 묶음; 9/23 기록상 한국어 허브 미색인","옷/이불 선택 기준을 추가해 탐색 가치 강화; 적용","섬유별 압축·보관은 의류/침구 제조사 라벨","계절옷 보관·침구 보관으로 명확히 분기","무엇을 보관하는가→두 가이드 선택","P1","허브 안내 수정"
"https://eolmaji.com/ko/life/home-care","9/23 기록상 한국어 허브 미색인; 일반 습도 기준 단정","곰팡이·결로·습기 중 증상별 첫 선택 기준과 근거 보강","공공 주거·건축 기관의 습도·곰팡이 안내","결로→난방비 등 관련 결정에서만 계산기","증상 선택→원인별 글→전문 점검 경계","P1","대기"
"https://eolmaji.com/en/life/laundry/lint-removal","GSC 9/9 이전 평균 68.9위 사례; 보풀·lint·pilling 의도 분리 필요","섬유 표면 보풀과 먼지 부착을 구별해 손상 위험 명시","의류 관리 라벨·섬유 관리기관 자료","니트 세탁·검은 옷 관리와 연결","보풀 종류→소재별 도구→손상 방지","P2","대기"
